,0,1,2,3,4,5,6,7,8
0,0.0,0.0,0.0,0.0,0.0,0.0,0.0,0.0,0.0
1,1720539351.0,811568271.0,0.08684256744384766,-3.3515769988298416e-05,-0.06487302398681641,0.7649298597029526,-0.3572494879672294,0.48572281440500503,-0.22655786589438703
2,1720539351.0,819899966.0,0.08570265960693359,-3.398449718952179e-05,-0.06440489196777344,0.7674244976882367,-0.3591009580242732,0.4814089944171628,-0.22439146244650307
3,1720539351.0,828235920.0,0.08435155487060547,-3.454007208347321e-05,-0.06371716690063477,0.7704772411320278,-0.3612103105669142,0.4761409949148142,-0.22176942157384133
4,1720539351.0,836568842.0,0.08312980651855469,-3.504244983196259e-05,-0.06320047378540039,0.7720782541319654,-0.3645320986171204,0.47175807310559015,-0.22012687838635256
5,1720539351.0,844899622.0,0.08144003295898437,-3.5737283527851106e-05,-0.06239809036254883,0.774319030780364,-0.36859812451505014,0.46543280629849854,-0.2189469223112429
6,1720539351.0,853248780.0,0.07987763214111328,-0.0,-0.06162116622924805,0.7756365426931415,-0.37374372527923433,0.45954130296229523,-0.2180031481656616
7,1720539351.0,861568106.0,0.07804507446289062,-0.0,-0.06066209030151367,0.7768874002987673,-0.38052626295760344,0.45207791229342054,-0.21741959750420173
8,1720539351.0,869905272.0,0.0762703628540039,3.7863045930862425e-05,-0.05979168701171875,0.7779594695347346,-0.38629895186629143,0.4459622969032486,-0.2160319624528702
9,1720539351.0,878234615.0,0.0745748291015625,7.712051272392273e-05,-0.05882283020019531,0.7781147894897958,-0.3928195360890233,0.44002321371270553,-0.2158929583323212
10,1720539351.0,886571757.0,0.07276238250732422,0.00015722222626209258,-0.057895065307617184,0.7782863576032558,-0.3995841591762642,0.43381561556140685,-0.21542250442318864
11,1720539351.0,894904207.0,0.07077399444580078,0.0002808627784252167,-0.056781745910644534,0.777659936558541,-0.40743673760019955,0.4275930574656333,-0.21541702637242
12,1720539351.0,903235765.0,0.0689476547241211,0.0004496185481548309,-0.05573566818237305,0.777299774306223,-0.41441150634968327,0.4218304291654326,-0.21477256378007012
13,1720539351.0,911567250.0,0.06717567443847657,0.0006240494251251221,-0.05455169296264648,0.7760448674428246,-0.4228664916906389,0.41566418414427125,-0.2148524493901704
14,1720539351.0,919902072.0,0.06551997375488282,0.0008034045696258545,-0.05354809188842773,0.7744052544919107,-0.4291838962441234,0.4118256140196954,-0.2156324378774055
15,1720539351.0,928234745.0,0.06395087051391601,0.000987391948699951,-0.0524565658569336,0.7728596272118888,-0.43623061501448085,0.40700299298280884,-0.21619295440630096
16,1720539351.0,936568315.0,0.06230886840820313,0.0011773562431335448,-0.05129796600341797,0.7717377596636107,-0.4421801605364238,0.4021484611420048,-0.21719610904429024
17,1720539351.0,944900629.0,0.060398441314697265,0.0014205479621887207,-0.049944869995117186,0.7702315479477797,-0.4488182309682584,0.39707160878764336,-0.21826515751198577
18,1720539351.0,953235954.0,0.05881397247314453,0.0016215977668762207,-0.04876042938232422,0.7686515369006364,-0.45457973223867815,0.3925701564729371,-0.22004718673581472
19,1720539351.0,961568417.0,0.05696139144897461,0.0018322801589965821,-0.047277923583984374,0.7671002460748126,-0.46106054429283644,0.38685531064276146,-0.22208863822392222
20,1720539351.0,969900904.0,0.0555711669921875,0.001994312644004822,-0.046114635467529294,0.7660090592573225,-0.46567427992022625,0.382372687014912,-0.22398375032125026
21,1720539351.0,978233208.0,0.0537543830871582,0.0021678516864776613,-0.04455624771118164,0.7644607635178797,-0.4714116986544188,0.37657126084028686,-0.22707891823019777
22,1720539351.0,986567848.0,0.052312210083007814,0.002338332414627075,-0.04309926986694336,0.7627678517953533,-0.4764708207776911,0.37188815728460517,-0.22991291935802077
23,1720539351.0,994900192.0,0.05070070266723633,0.0024192039966583253,-0.04137278366088867,0.7617102549152569,-0.4809271235222948,0.36581505114256285,-0.23385023697392704
24,1720539352.0,3234669.0,0.049272064208984376,0.0024975666999816895,-0.03980695724487305,0.7607545619051217,-0.48485717693037483,0.3603813304134967,-0.237257907967854
25,1720539352.0,11567599.0,0.04786349105834961,0.0025271103382110594,-0.03821217727661133,0.7593668845021687,-0.48839313973263015,0.3557534522205679,-0.241399149271665
26,1720539352.0,19900730.0,0.04624659729003906,0.002561023473739624,-0.03633126831054687,0.7580915458370713,-0.492833264988648,0.3497552149420573,-0.24512012573487466
27,1720539352.0,28235210.0,0.044945297241210935,0.0025375514030456544,-0.03458464813232422,0.756908910371277,-0.4964620432714552,0.34471476673117146,-0.24856801641611787
28,1720539352.0,36568806.0,0.04327815628051758,0.0025718326568603517,-0.03262070465087891,0.7559932964670467,-0.5000541717446886,0.33861159864415735,-0.2525116510931296
29,1720539352.0,44902463.0,0.0419011116027832,0.0025481312274932863,-0.030748136520385744,0.7544400593373942,-0.5036400894941878,0.33419522619255115,-0.2558913970301987
30,1720539352.0,53224043.0,0.04039262771606445,0.0025785295963287355,-0.028819561004638672,0.7537282130665388,-0.5068530306485645,0.3283936713107527,-0.25913584403479506
31,1720539352.0,61570445.0,0.03907474899291992,0.0026050868034362793,-0.026883417129516602,0.7525477151697532,-0.5097897662012422,0.3237991418010531,-0.2625651283786308
32,1720539352.0,69912711.0,0.03747579574584961,0.00263730788230896,-0.024608461380004883,0.7514471754707476,-0.5124769232962902,0.3184527984260978,-0.26698755467087304
33,1720539352.0,78236953.0,0.0360797004699707,0.0026654412746429444,-0.022475631713867187,0.750805412403829,-0.5141725106169893,0.3136279992055188,-0.27121087100004604
34,1720539352.0,86567358.0,0.03452417755126953,0.0026417365074157713,-0.020009262084960937,0.7496036485589437,-0.516272667630502,0.308701203249637,-0.2761530068435207
35,1720539352.0,94936933.0,0.03316933441162109,0.0026684811115264893,-0.017843616485595702,0.7485296419641045,-0.5180421336345296,0.3040476563754965,-0.28087497151054003
36,1720539352.0,103236262.0,0.0318699951171875,0.002637988567352295,-0.01554724407196045,0.7466475643239827,-0.5211140368755147,0.29939408355942193,-0.2851679435638526
37,1720539352.0,111568692.0,0.03059577178955078,0.002605952501296997,-0.013160816192626953,0.7447661126472416,-0.5237913848733289,0.29464382962035846,-0.29008796442877044
38,1720539352.0,119900886.0,0.029140047073364258,0.00251896595954895,-0.01040407657623291,0.7428606845231241,-0.5271593537002726,0.2891964450399176,-0.29432367912234075
39,1720539352.0,128234877.0,0.02802100944519043,0.0024237723350524903,-0.008020364761352539,0.7408541095646695,-0.5291552098813455,0.28506462183431897,-0.29978009309136755
40,1720539352.0,136567651.0,0.02662076187133789,0.0023313665390014646,-0.005161939144134521,0.7380996082026104,-0.5318776785443335,0.2806461150135302,-0.30586412550450687
41,1720539352.0,144900760.0,0.02556153106689453,0.002172602653503418,-0.002537769317626953,0.7356508641367283,-0.5343699209605015,0.27646305181323405,-0.3111828735932625
42,1720539352.0,153241698.0,0.02446213722229004,0.0020117931365966797,0.00010203064233064651,0.7329027911279329,-0.5360432511830537,0.27400773741430523,-0.31690828828687845
43,1720539352.0,161567865.0,0.023413042068481445,0.0018476355075836182,0.0027745649814605714,0.730386219360239,-0.5381991307071315,0.27008209350499107,-0.3223869364964022
44,1720539352.0,169900751.0,0.022268007278442383,0.0016819994449615479,0.005944314479827881,0.7275212330521635,-0.5406681939873014,0.2659532092149061,-0.3281152782982094
45,1720539352.0,178234029.0,0.021277107238769532,0.0015119584798812867,0.00876961612701416,0.7246213253917443,-0.542194318591645,0.26353456057704777,-0.33391436262289376
46,1720539352.0,186567417.0,0.020399003982543944,0.0012776147127151489,0.011480100631713867,0.7221362098586775,-0.5431410556347146,0.261215346873923,-0.3395344505456209
47,1720539352.0,194899247.0,0.019573060989379883,0.001101204514503479,0.014218398094177246,0.7187493339825737,-0.5443869120502336,0.26007895324276986,-0.3455448346419728
48,1720539352.0,203233277.0,0.018740175247192382,0.0007997597455978394,0.01731710433959961,0.7148799574390444,-0.5456104018824238,0.2584833562418441,-0.3527637771528801
49,1720539352.0,211568402.0,0.01802968406677246,0.0005563064813613891,0.019926570892333986,0.7114687705682334,-0.5457952683998935,0.2578324624924418,-0.35978067843075007
50,1720539352.0,219905265.0,0.017321107864379882,0.0003105150163173676,0.0227127685546875,0.7077603690421342,-0.5458686460999509,0.2581067216484873,-0.3667200680408083
51,1720539352.0,228233944.0,0.016747499465942384,0.0001246775910258293,0.02490464210510254,0.7043625140373939,-0.5462914255271976,0.2583830187669844,-0.37239408717274247
52,1720539352.0,236566968.0,0.016047718048095704,-0.00012525308132171632,0.02780043601989746,0.6999072648891076,-0.5469958728049673,0.258449625691067,-0.3796433956058076
53,1720539352.0,244900314.0,0.015264517784118652,-0.0002517945468425751,0.030573551177978515,0.6958683396050311,-0.5474973396385795,0.2592772781188155,-0.3857320188691112
54,1720539352.0,253234656.0,0.014772013664245605,-0.0003157559335231781,0.032920528411865234,0.6916056402065203,-0.5476943923034789,0.26079347549174825,-0.3920449425073858
55,1720539352.0,261567850.0,0.014258713722229003,-0.00044353637099266055,0.0356677131652832,0.6875601154292458,-0.5480017923947736,0.2612110826499389,-0.3984016448138672
56,1720539352.0,269867567.0,0.013823716163635254,-0.0005718719363212585,0.03779720687866211,0.6842451248325416,-0.5476137030134456,0.26182300130757274,-0.4041986466420666
57,1720539352.0,278239676.0,0.013387284278869628,-0.0007009302377700805,0.04045539855957031,0.6801123004106965,-0.5477009085307478,0.26318498109371313,-0.41012760982710605
58,1720539352.0,286569681.0,0.013006209373474121,-0.0008942906260490418,0.04284148788452148,0.6765654353778495,-0.5480886558921528,0.26288125234290066,-0.41563386728443813
59,1720539352.0,294903691.0,0.012739212036132812,-0.0011517866849899293,0.04545849609375,0.6730363644638814,-0.5473922114706548,0.2637872056599552,-0.4216635493256498
60,1720539352.0,303234506.0,0.012554329872131348,-0.0014094245433807374,0.04775797271728516,0.6692857495580273,-0.5469777475197287,0.26445443776557553,-0.4277099139822088
61,1720539352.0,311566905.0,0.012430922508239746,-0.001602900266647339,0.049964393615722656,0.6654516311366211,-0.5469125336148515,0.26552921332908835,-0.4330762487845698
62,1720539352.0,319902409.0,0.012388711929321288,-0.0017957503795623779,0.052202503204345704,0.661552138447875,-0.5464963324477349,0.26772728751733477,-0.43819243913527084
63,1720539352.0,328234880.0,0.01240328598022461,-0.001987986207008362,0.05434293365478516,0.6574451211017084,-0.5463485850498043,0.2690809135082004,-0.44369424622374387
64,1720539352.0,336567671.0,0.012434463500976562,-0.0021799600124359133,0.05642441558837891,0.6532272342190909,-0.5457382518555882,0.27170051595331574,-0.44904652215886315
65,1720539352.0,344900741.0,0.012416428565979003,-0.002308478116989136,0.058761367797851564,0.6498139145344799,-0.5447861158023753,0.27389614996526446,-0.45379606572705733
66,1720539352.0,353237014.0,0.012495984077453613,-0.002435504198074341,0.06061989974975586,0.6470351568658314,-0.5437711259055935,0.2762000668286634,-0.4575718668369101
67,1720539352.0,361573533.0,0.012475305557250977,-0.00249993896484375,0.06288356018066406,0.6439917981857677,-0.5421499289513768,0.27927484934625824,-0.4619021278175302
68,1720539352.0,369901277.0,0.012453740119934081,-0.0025644059181213377,0.06485729217529297,0.6408729433219351,-0.5409345344212521,0.28242539589248244,-0.4657333786115016
69,1720539352.0,378235281.0,0.012547318458557128,-0.0026269502639770506,0.06715452575683593,0.6379832162601989,-0.5389356109486572,0.28543179504631466,-0.47016433562936094
70,1720539352.0,386570310.0,0.012498968124389649,-0.0026918699741363527,0.0691636962890625,0.6357159480965976,-0.537082132930194,0.287829440721794,-0.47387999910879336
71,1720539352.0,394907118.0,0.012497272491455078,-0.00275600528717041,0.07124330139160157,0.6327803078899024,-0.5345735639375485,0.29163145803721935,-0.47830040799112106
72,1720539352.0,403235003.0,0.012595758438110352,-0.002754263877868652,0.07285133361816407,0.6303765749526825,-0.5330786415011363,0.2937538672077092,-0.4818310907261259
73,1720539352.0,411521337.0,0.012696468353271484,-0.002816508054733276,0.07495956420898438,0.6278485272403644,-0.5304234147792896,0.2971186310873362,-0.48598122917772896
74,1720539352.0,419902364.0,0.012879195213317872,-0.002877152442932129,0.076699951171875,0.6252505038830215,-0.5279770531983932,0.3012438542895748,-0.4894427052378922
75,1720539352.0,428191612.0,0.013016217231750489,-0.0028746166229248046,0.07864310455322265,0.6222058512349022,-0.5253538185058051,0.3052105590814383,-0.4936696902453287
76,1720539352.0,436568712.0,0.013230033874511719,-0.002870659828186035,0.08060660552978516,0.6194009188604537,-0.523515568124209,0.3081322267086834,-0.49732130703696337
77,1720539352.0,444900688.0,0.013424601554870606,-0.002867058992385864,0.0823360824584961,-0.6169367000865476,0.5216523808638645,-0.31081112164317953,0.5006639051500377
78,1720539352.0,453233460.0,0.013586997032165527,-0.002864053726196289,0.0840512466430664,-0.6144720865149274,0.5193686194099668,-0.3147189387592211,0.5036191861921768
79,1720539352.0,461566743.0,0.013766067504882813,-0.0028607399463653565,0.08610001373291015,-0.6127535465674112,0.5169776941570919,-0.3176878769399703,0.5063018667766526
80,1720539352.0,469904578.0,0.013946212768554688,-0.0028574061393737793,0.0879787826538086,-0.6112447085303375,0.5150623393035069,-0.32041892367869745,0.5083526452948236
81,1720539352.0,478237627.0,0.014150880813598632,-0.0027901906967163085,0.08997150421142579,-0.6091193637608341,0.5124140483531812,-0.3244926061724092,0.5109892442732126
82,1720539352.0,486568990.0,0.014401023864746093,-0.0027856645584106447,0.09169637298583984,-0.6074215404688846,0.5100281660727822,-0.3276043166505877,0.5134060120896361
83,1720539352.0,494909172.0,0.014647073745727539,-0.002781212329864502,0.0934712905883789,-0.6060716800560153,0.5079832606034222,-0.330251753960023,0.5153289373021938
84,1720539352.0,503235419.0,0.015002464294433594,-0.0027747814655303955,0.09543544006347657,-0.6043815866968097,0.5049016187578399,-0.3339463166225538,0.5179547487066771
85,1720539352.0,511569584.0,0.01523162269592285,-0.0027076528072357176,0.09708818817138672,-0.6022153739533735,0.5025941134173548,-0.33695780203961206,0.5207640891934513
86,1720539352.0,519902729.0,0.01573161315917969,-0.0026988112926483155,0.0989671630859375,-0.5999521187770878,0.4996800088645811,-0.34064783704740975,0.523771333460558
87,1720539352.0,528237325.0,0.016065629959106445,-0.0026929047107696535,0.10047167205810546,-0.5979971185165555,0.4972965845662216,-0.3440974793935443,0.5260156552844348
88,1720539352.0,536569425.0,0.016521444320678712,-0.0026223936080932617,0.10227365112304687,-0.596138388293772,0.49414690907264314,-0.34803154218191756,0.5284996785918082
89,1720539352.0,544856750.0,0.016901338577270508,-0.0026158320903778075,0.10388909912109374,-0.5945601143066661,0.4915713652743475,-0.3516517418639366,0.5302800473175334
90,1720539352.0,553239868.0,0.017412485122680663,-0.002544919967651367,0.10580085754394532,-0.5922970187902091,0.48861612557781453,-0.35589771135688975,0.5327056714395028
91,1720539352.0,561568456.0,0.017776390075683594,-0.002476851463317871,0.10740408325195312,-0.5909147353433587,0.4855375358281305,-0.359998444722634,0.5342978576908258
92,1720539352.0,569858464.0,0.01812285804748535,-0.002409362554550171,0.10894587707519532,-0.5880975600607414,0.4832987022934389,-0.3636466934766543,0.5369587808513999
93,1720539352.0,578241228.0,0.01844880294799805,-0.0022808265686035155,0.11059017944335937,-0.586637295555304,0.48100921650517764,-0.36709871077247547,0.5382614239016014
94,1720539352.0,586566877.0,0.01884884262084961,-0.0021517634391784667,0.11240845489501954,-0.583654597298574,0.47827375929985966,-0.3714490558760749,0.5409501824580871
95,1720539352.0,594901080.0,0.01921050453186035,-0.0020238821506500244,0.11388928985595703,-0.5814295380191328,0.475521857494954,-0.375804248472453,0.5427613050759631
96,1720539352.0,603234380.0,0.019656429290771483,-0.001834372043609619,0.11532665252685546,-0.5801601956073015,0.4722667318842811,-0.3798767004875782,0.5441249537076871
97,1720539352.0,611570980.0,0.020161243438720704,-0.0015843716859817506,0.1169874496459961,-0.5789495154352637,0.46892231326017747,-0.3844228844878742,0.545113180447171
98,1720539352.0,619899896.0,0.020598310470581055,-0.0012758936882019043,0.11836138916015625,-0.5777572129593241,0.46628277107492005,-0.38778092396657265,0.5462626954794982
99,1720539352.0,628234190.0,0.021098834991455078,-0.0009688062071800231,0.1199587173461914,-0.5766096215324262,0.46379330107800854,-0.3903192592125383,0.5477846154874182
100,1720539352.0,636566582.0,0.021537244796752928,-0.000603695809841156,0.1214346694946289,-0.5755531222418596,0.46118758809824195,-0.3941161186205326,0.5483767670269958
101,1720539352.0,644858859.0,0.022005029678344726,-0.00024070776998996735,0.1228568115234375,-0.5750237315694556,0.45815788663082285,-0.39804023489814194,0.5486374248828164
102,1720539352.0,653232387.0,0.02233858108520508,0.00012007949501276017,0.12420458221435547,-0.5741776656754177,0.4543115758134177,-0.4029769841905618,0.5491179637626384
103,1720539352.0,661581316.0,0.022715959548950195,0.0006587346196174622,0.12566448211669923,-0.5735261726801768,0.4503581776500281,-0.40768402744716364,0.5495806961060163
104,1720539352.0,669900071.0,0.02309101867675781,0.001134899377822876,0.12695872497558594,-0.5726426185042756,0.4468284958413964,-0.41202498342932553,0.5501455634864352
105,1720539352.0,678234382.0,0.02350116539001465,0.0017273706197738648,0.12841769409179687,-0.5704793805831577,0.4447397151186197,-0.41503480783469376,0.5518206000471649
106,1720539352.0,686567694.0,0.023798160552978516,0.0023183414936065673,0.12942738342285157,-0.5695355227208126,0.44268146180421136,-0.41763228881861253,0.5524904562527847
107,1720539352.0,694902477.0,0.024253820419311522,0.0031408634185791017,0.13083181762695312,-0.5685250373884497,0.43977870685995285,-0.4221053048320963,0.5524500603319998
108,1720539352.0,703234908.0,0.024657268524169922,0.0039006528854370116,0.13201109313964843,-0.5673620082084154,0.43712296508172555,-0.42552085960654473,0.5531327779810323
109,1720539352.0,711525925.0,0.025061748504638673,0.0048332691192626955,0.1332965087890625,-0.5660189267734321,0.4341236330222838,-0.4297519939937589,0.5535995776771168
110,1720539352.0,719901275.0,0.025497007369995116,0.00564206600189209,0.13447404479980468,-0.5653938894390211,0.43113371808726636,-0.4332258081562238,0.5538671778109137
111,1720539352.0,728234143.0,0.02584938621520996,0.006508687019348145,0.13558795166015625,-0.5660247615785543,0.42690618110019907,-0.43731550823905985,0.5532831189909561
112,1720539352.0,736569332.0,0.026167835235595703,0.007490457057952881,0.13669715881347655,-0.565318598335448,0.42383179232376106,-0.4409046427381686,0.553520177083068
113,1720539352.0,744902668.0,0.0263930721282959,0.008591228485107422,0.13785183715820312,-0.5658906004196794,0.41893936659525055,-0.44630656433246063,0.5523296798029502
114,1720539352.0,753233398.0,0.026636528015136718,0.009688273429870605,0.13900706481933595,-0.5673055529956827,0.4144036459005737,-0.4500919276404302,0.5512270771705271
115,1720539352.0,761568458.0,0.026742679595947266,0.010968868255615234,0.14020498657226563,-0.567938990689214,0.4097731353755058,-0.45468072526425707,0.5502696726250418
116,1720539352.0,769867524.0,0.026890453338623048,0.012187132835388184,0.14118803405761718,-0.5672608631715286,0.4073610036548563,-0.4569619327936552,0.5508701568906843
117,1720539352.0,778235325.0,0.02695307731628418,0.013530073165893554,0.1422180633544922,-0.5660579254355929,0.4058120521385087,-0.4591827929746962,0.5514038199438487
118,1720539352.0,786568026.0,0.027056652069091795,0.015163732528686523,0.14335707092285158,-0.5659207022517874,0.402774410848283,-0.4620940471830196,0.5513398444084362
119,1720539352.0,794903145.0,0.027140489578247072,0.016683629989624024,0.14427671813964843,-0.5648856333783895,0.4006922467915495,-0.46549891260535364,0.551054180949776
120,1720539352.0,803235291.0,0.027272634506225586,0.018435302734375,0.1452510986328125,-0.5652934275014609,0.3967075907314482,-0.46980538770391755,0.549863023695206
121,1720539352.0,811566255.0,0.027425348281860353,0.020009038925170898,0.1460093688964844,-0.5659996464457375,0.39264396876392027,-0.4738447548215029,0.5485857100686677
122,1720539352.0,819899975.0,0.027612661361694334,0.02163827896118164,0.14671377563476562,-0.567446714217426,0.38782686275037354,-0.47831596295112977,0.5466336782228575
123,1720539352.0,828234990.0,0.02784891891479492,0.023379602432250977,0.14731002807617188,-0.5684812984510464,0.3836921903657052,-0.4827058842977656,0.5446139434638709
124,1720539352.0,836581762.0,0.028143856048583986,0.025290287017822266,0.1478522186279297,-0.5690482179250258,0.3796636360099169,-0.48638378709921115,0.5435719518493269
125,1720539352.0,844864482.0,0.028462202072143554,0.027138080596923828,0.1482860870361328,-0.5700415824088512,0.37588629889172587,-0.48962943685510907,0.5422408212392286
126,1720539352.0,853233763.0,0.028854145050048827,0.029211069107055666,0.14872003173828124,-0.5709633665196036,0.37227876549719346,-0.49364223347610786,0.5401173098616359
127,1720539352.0,861568501.0,0.029128847122192384,0.03083088493347168,0.1490417022705078,-0.5718636426480564,0.36952967364061307,-0.4963936437902822,0.538528654880853
128,1720539352.0,869901326.0,0.029541412353515626,0.032962635040283204,0.14941766357421876,-0.5736695135253301,0.3657772658059153,-0.499989873411508,0.535836153346181
129,1720539352.0,878234579.0,0.029932762145996095,0.034860420227050784,0.14973939514160156,-0.5755391978165918,0.36189267911158957,-0.5028061846155305,0.5338298080671261
130,1720539352.0,886533551.0,0.030324361801147462,0.03706456756591797,0.14999896240234376,-0.5768873954133791,0.3583821920197995,-0.5057118199963951,0.5319949984978642
131,1720539352.0,894870417.0,0.030621379852294923,0.03899594879150391,0.15020004272460938,-0.5794357796290425,0.3538954890596154,-0.5089625587493422,0.5291212413390973
132,1720539352.0,903234636.0,0.030946737289428712,0.04111029815673828,0.15034234619140624,-0.5812354975794431,0.34976233688655395,-0.5119200876343831,0.5270383674696277
133,1720539352.0,911567161.0,0.031150335311889647,0.04271458053588867,0.1503755340576172,-0.5829723720300817,0.3461715659898943,-0.5136811197744389,0.5257757877417549
134,1720539352.0,919900907.0,0.03143459701538086,0.044859767913818356,0.15039935302734375,-0.5845148959163311,0.3422588549654667,-0.5163928747684882,0.5239652919180812
135,1720539352.0,928233849.0,0.03167535591125488,0.04678110122680664,0.15042210388183594,-0.5868901887006881,0.3384348100369141,-0.5186128780438141,0.521596103657646
136,1720539352.0,936579204.0,0.031872604370117186,0.04898223495483398,0.15037515258789064,-0.5884972774296814,0.3351010767228428,-0.520655039827035,0.5199004883240268
137,1720539352.0,944900850.0,0.03206013870239258,0.05075747299194336,0.15033599853515625,-0.5899242092077028,0.33274149733562497,-0.5222378043519781,0.5182086343068382
138,1720539352.0,953246737.0,0.03232161712646484,0.05296591567993164,0.15028506469726563,-0.592147760321167,0.3294271208645979,-0.5240728213059653,0.5159326199255128
139,1720539352.0,961572464.0,0.0323849983215332,0.05488220977783203,0.150166748046875,-0.5936658592224036,0.325978758619722,-0.5249096839490175,0.5155274233824315
140,1720539352.0,969902549.0,0.032495647430419924,0.05699333572387695,0.1500395050048828,-0.5962423173092959,0.32175592481608206,-0.5262117290177271,0.5138768450744008
141,1720539352.0,978233873.0,0.03254425811767578,0.05888707733154297,0.149854248046875,-0.5981736886815138,0.31795525864855956,-0.5283474816203628,0.5118023443737753
142,1720539352.0,986575675.0,0.032623157501220704,0.06105399322509766,0.14959828186035157,-0.600806970503455,0.31247273516915214,-0.5307939541126176,0.509558169584684
143,1720539352.0,994900424.0,0.0326324691772461,0.06287065124511719,0.14928977966308593,-0.6033723204524055,0.30756068281599064,-0.5326887586643485,0.5075342112728973
144,1720539353.0,3235309.0,0.03264212417602539,0.06463724517822265,0.14892271423339845,-0.6055118081204498,0.3025355331628152,-0.5345567225261324,0.5060403455956769
145,1720539353.0,11575473.0,0.03263808822631836,0.06656682586669922,0.14842819213867187,-0.6082861585131722,0.2971441660186102,-0.5363051907996866,0.5040536210335846
146,1720539353.0,19914671.0,0.03258993911743164,0.06812089538574219,0.1479434356689453,-0.6104111030275933,0.2923937525888395,-0.5376374003046496,0.5028421214638413
147,1720539353.0,28234323.0,0.032604263305664065,0.06986963653564453,0.14733796691894532,-0.6128922840719718,0.28717953284124265,-0.5392331622337984,0.5011172979969764
148,1720539353.0,36568394.0,0.0326030387878418,0.07121723937988281,0.1468609619140625,-0.614014859557215,0.28383200037449063,-0.5401410949703594,0.5006723112111506
149,1720539353.0,45073398.0,0.03268024444580078,0.0728930892944336,0.14620115661621094,0.6167859720929811,-0.2786349313379967,0.5413686236409245,-0.4988563325977785
150,1720539353.0,53234135.0,0.032707874298095706,0.0743221893310547,0.1454918212890625,0.618575519648206,-0.2745793166340791,0.542239003063776,-0.4979431630440231
151,1720539353.0,61570370.0,0.03277185821533203,0.07588983917236328,0.14471568298339843,0.6214962740561646,-0.26956747623795624,0.5427739625314618,-0.4964596411124043
152,1720539353.0,69877983.0,0.03281866455078125,0.07718659210205078,0.1440084991455078,0.624115932576365,-0.26550273175201633,0.543605039434217,-0.494450357600331
153,1720539353.0,78242017.0,0.03288404083251953,0.07848287200927734,0.14324423217773438,0.6264800874872817,-0.2610144786243437,0.5442438815469445,-0.493145759490294
154,1720539353.0,86570159.0,0.03293164443969727,0.07972482299804687,0.1424770965576172,0.628556743791761,-0.2572509235193336,0.5447261059572605,-0.4919469750180948
155,1720539353.0,94903261.0,0.03297705841064453,0.08112891387939453,0.14157850646972656,0.6310308167368202,-0.2522397390588648,0.5453353096543557,-0.490698088437787
156,1720539353.0,103235282.0,0.03302538681030273,0.08231484985351563,0.14075114440917968,0.6329686919885372,-0.24868648555789563,0.5460739518509395,-0.4891920997128461
157,1720539353.0,111528307.0,0.033022262573242187,0.08346461486816406,0.1397481689453125,0.6349830240487626,-0.2434397796372786,0.5468127987812975,-0.4883947076108801
158,1720539353.0,119911739.0,0.03305449676513672,0.08436910247802734,0.1388831787109375,0.6367702068411788,-0.24010175291162605,0.5472120475020096,-0.487271814358522
159,1720539353.0,128236519.0,0.033133644104003906,0.08548256683349609,0.13777824401855468,0.6394035482092717,-0.2348712992613334,0.5483531752454889,-0.4850849064903083
160,1720539353.0,136569217.0,0.03319234848022461,0.08653848266601563,0.13667105102539062,0.6415503320315833,-0.23079746393722125,0.5496720564035339,-0.4827072760540066
161,1720539353.0,144869025.0,0.03332604217529297,0.08763180541992187,0.13534629821777344,0.6441389161336519,-0.22582868197937123,0.5512034255318112,-0.4798554426800545
162,1720539353.0,153216281.0,0.033396728515625,0.0886942138671875,0.13400782775878906,0.6467978921604187,-0.22077715195918549,0.5525778890308155,-0.47704044753944397
163,1720539353.0,161571436.0,0.033461803436279296,0.08968760681152343,0.13255990600585937,0.6490954011664983,-0.21618801904680549,0.5540921378554501,-0.47425710321173015
164,1720539353.0,169904607.0,0.03357553863525391,0.09081572723388671,0.13109765625,0.6515409532364477,-0.21150300437290825,0.5554189413063375,-0.4714559128591335
165,1720539353.0,178237704.0,0.03372913360595703,0.09208707427978516,0.1293933563232422,0.6545582775783658,-0.2068977927577841,0.5563368270671286,-0.4682265476631197
166,1720539353.0,186588081.0,0.033882499694824215,0.09336862945556641,0.12756648254394531,0.6579827433526915,-0.20328347347121273,0.5564060381336758,-0.464915978036778
167,1720539353.0,194907431.0,0.0339686279296875,0.09437748718261718,0.12592428588867188,0.660056385974039,-0.20060914924757503,0.5565434026110455,-0.462969733981144
168,1720539353.0,203237652.0,0.0340498046875,0.09514749908447266,0.12453492736816406,0.6625708586545466,-0.1977548425491989,0.5561194221154633,-0.46111178400477926
169,1720539353.0,211562297.0,0.0341401596069336,0.09608162689208985,0.12261078643798828,0.6662472415863839,-0.19353285573083223,0.5558102906593124,-0.4579678658979574
170,1720539353.0,219906472.0,0.03413077926635742,0.09700957489013672,0.12065686798095702,0.6692418012216119,-0.1901548507553423,0.5554931271166251,-0.4553942717498296
171,1720539353.0,228235781.0,0.0342321662902832,0.09777839660644531,0.11897206115722657,0.6721779731389493,-0.18690737491465786,0.554876286566551,-0.4531608127183025
172,1720539353.0,236568012.0,0.03436465835571289,0.098613037109375,0.11699413299560547,0.6757236673926572,-0.1836757390628995,0.5538655386790201,-0.4504372508800764
173,1720539353.0,244901670.0,0.03437075042724609,0.09928968811035156,0.11534658813476563,0.6781985786357781,-0.1809058261263089,0.5532985883712058,-0.44853143979937116
174,1720539353.0,253234128.0,0.034567466735839845,0.10017034912109375,0.11307698822021485,0.680614783666412,-0.17906320690355498,0.5525623545800971,-0.4465140068809939
175,1720539353.0,261576478.0,0.03468693923950195,0.10094130706787109,0.11091331481933593,0.6831707286712605,-0.1760390359234356,0.5522828995295982,-0.44415270823099484
176,1720539353.0,269911454.0,0.034944122314453124,0.10187147521972656,0.1082879638671875,0.6857940603726669,-0.17298390284723567,0.5522690423410415,-0.44131844163010253
177,1720539353.0,278233567.0,0.035155517578125,0.10275447082519532,0.10599181365966796,0.6889329163799879,-0.170762749510828,0.5519249467348621,-0.4377103862034278
178,1720539353.0,286566599.0,0.035357490539550784,0.10347377014160156,0.10354467010498047,0.691471051018907,-0.16799041955459076,0.5512548057788236,-0.435620412613062
179,1720539353.0,294901053.0,0.035466060638427735,0.10426930236816406,0.10121784210205079,0.6947847175494886,-0.1663514948158688,0.5497225763201962,-0.4329046827875861
180,1720539353.0,303234327.0,0.03567373275756836,0.10490198516845703,0.09853968811035156,0.6984537094350621,-0.16396307873762248,0.5482454880308465,-0.4297736612443291
181,1720539353.0,311576631.0,0.03582623291015625,0.10540274810791016,0.0964444580078125,0.7012207265269096,-0.16199983059212814,0.5471235679317975,-0.42743579167698864
182,1720539353.0,319908970.0,0.035985565185546874,0.10589945983886719,0.09399658203125,0.7051234904354067,-0.16028889289569104,0.5449056245349184,-0.42448345391185954
183,1720539353.0,328235814.0,0.03606950378417969,0.10627909088134765,0.0921274871826172,0.7082129089312964,-0.15844581730871823,0.5433221820361134,-0.4220549784595333
184,1720539353.0,336568494.0,0.036200061798095706,0.10671176147460938,0.08966970062255859,0.711383532943318,-0.1562060538707648,0.5421042247835985,-0.4191135421836144
185,1720539353.0,344900716.0,0.03626416397094727,0.10719945526123047,0.08722525024414063,0.7146911380018041,-0.15382319379221746,0.5410111396942856,-0.4157667029475381
186,1720539353.0,353208286.0,0.03628932571411133,0.10753980255126953,0.08497187805175781,0.7178596782126963,-0.15204018967671573,0.5397769649176354,-0.4125555612573166
187,1720539353.0,361579769.0,0.03621284484863281,0.10805466461181641,0.08233148193359376,0.7207039274816,-0.1499143135581545,0.5386603955769348,-0.40982499015492196
188,1720539353.0,369908057.0,0.036171504974365234,0.10845174407958984,0.08025308227539063,0.7226234041945979,-0.14934322643823406,0.5372786917547713,-0.4084649649280662
189,1720539353.0,378235074.0,0.036083152770996094,0.10898001861572265,0.07745303344726563,0.7252262926149571,-0.14817549280784223,0.5359110652531466,-0.4060667316055982
190,1720539353.0,386573886.0,0.035971149444580075,0.1094383544921875,0.0750035400390625,0.7272159908780502,-0.1473501462802384,0.534497734512247,-0.4046690075033372
191,1720539353.0,394877399.0,0.035832622528076175,0.10992030334472656,0.07215668487548828,0.7307887523870397,-0.1459468044517676,0.5320991102693536,-0.4018928579282237
192,1720539353.0,403233738.0,0.03565381622314453,0.11025296020507812,0.06968206024169922,0.7341717580827304,-0.14442389256365745,0.5297643911802149,-0.39935354306711873
193,1720539353.0,411566627.0,0.03551687240600586,0.11055152893066406,0.06727747344970703,0.7372847345949158,-0.14302503599306046,0.5273523825072509,-0.3973090873574821
194,1720539353.0,419899877.0,0.035397571563720705,0.1107433853149414,0.06489905548095704,0.7407452674789218,-0.14136102276456497,0.5243947355617898,-0.3953778673273069
195,1720539353.0,428233481.0,0.035172664642333984,0.11093071746826172,0.06202806854248047,0.7445312060689363,-0.13921620909203883,0.5215302101598877,-0.39280829690937613
196,1720539353.0,436567322.0,0.03500102233886719,0.11107369232177734,0.05985532760620117,0.7482545803341236,-0.13778318416591046,0.5188881754202762,-0.38972546187185775
197,1720539353.0,444900348.0,0.034850460052490234,0.11119910430908203,0.057682868957519534,0.7523314230395259,-0.13578594320050802,0.5153387692240139,-0.38727969026953396
198,1720539353.0,453233831.0,0.03468532943725586,0.11124358367919922,0.05558193588256836,0.755212201185297,-0.13445087993821947,0.5130544168128937,-0.38516575761245486
199,1720539353.0,461567042.0,0.03452167510986328,0.1113797836303711,0.05324059677124023,0.7588699867172166,-0.13275160351964196,0.5102604047334881,-0.38226650268400425
200,1720539353.0,469900600.0,0.03435391998291016,0.1114261703491211,0.05104136657714844,0.7616041757539078,-0.130337121528911,0.50865453119494,-0.3797918896777861
201,1720539353.0,478233611.0,0.034159358978271485,0.11158795928955079,0.0485699577331543,0.7649462011725868,-0.12854597926140268,0.5067406823726408,-0.37622748487733393
202,1720539353.0,486575271.0,0.03390712356567383,0.1116108169555664,0.046168144226074216,0.767852217388752,-0.1261989931699647,0.5053122963756758,-0.37300974427058126
203,1720539353.0,494901148.0,0.033686702728271484,0.11160685729980468,0.04383665084838867,0.7707621561945308,-0.12409187309178042,0.5037598403939912,-0.36980120037710945
204,1720539353.0,503233924.0,0.03338168716430664,0.1115790786743164,0.041513111114501955,0.7736223703097165,-0.12255829008391232,0.5017740995524707,-0.3670294785179999
205,1720539353.0,511568542.0,0.03311429977416992,0.11151956939697266,0.03893362808227539,0.7769908511331688,-0.1202203354796882,0.499359862377987,-0.3639670655089345
206,1720539353.0,519901838.0,0.03292652893066406,0.11139404296875,0.03667188262939453,0.7802377652069505,-0.11823059837196352,0.4964310746515808,-0.3616721604056742
207,1720539353.0,528188352.0,0.032626205444335935,0.11117401123046874,0.0341632194519043,0.7834193627989715,-0.11567963993564272,0.4937790285892916,-0.3592417115016506
208,1720539353.0,536536347.0,0.032421707153320316,0.11096843719482422,0.03222705078125,0.7858889799896612,-0.11448040183436498,0.4918532918453328,-0.35686564963796624
209,1720539353.0,544920122.0,0.0322369384765625,0.11065370178222657,0.029787736892700194,0.7896882871073645,-0.11306202034920831,0.48846983745637473,-0.35356273892940154
210,1720539353.0,553239203.0,0.031974321365356446,0.11030947875976563,0.02756805419921875,0.7925520727652239,-0.11007039054643437,0.48621719741956576,-0.3511959113231083
211,1720539353.0,561569560.0,0.031764148712158206,0.10992313385009765,0.025099069595336913,0.7957731136577938,-0.10865926658677764,0.48333440688479395,-0.3483190427780805
212,1720539353.0,569902715.0,0.03154960632324219,0.10954077911376953,0.022954524993896483,0.7987379242352841,-0.10681742912665966,0.4807453497219825,-0.3456756847082478
213,1720539353.0,578235748.0,0.03125089454650879,0.10913380432128907,0.020524955749511718,0.8019248333087363,-0.10438775887147321,0.478013481655121,-0.3428160546834825
214,1720539353.0,586546136.0,0.03097343635559082,0.10871015930175781,0.018381610870361328,0.8048801284149152,-0.1027109229132035,0.475257009069714,-0.34021937655308837
215,1720539353.0,594903403.0,0.030715660095214845,0.1082713623046875,0.01631037521362305,0.807900366440827,-0.10073373141121089,0.4725982376258155,-0.33734347999564823
216,1720539353.0,603236466.0,0.030404653549194336,0.10769198608398438,0.013883258819580078,0.8108630241711078,-0.09881865118206265,0.4703243100415455,-0.333962681970025
217,1720539353.0,611567566.0,0.03010397529602051,0.10710565948486328,0.011814450263977051,0.8134576994505232,-0.097398124486471,0.4678914283007302,-0.3314781896197573
218,1720539353.0,619902736.0,0.029820789337158204,0.10650701141357422,0.009818471908569337,0.8158934639173563,-0.09582532012085883,0.46533846432516063,-0.3295382491881617
219,1720539353.0,628235237.0,0.029623172760009767,0.1058443832397461,0.00783153247833252,0.8184835799471721,-0.09405754301651222,0.4631757224219568,-0.3266589219864114
220,1720539353.0,636574171.0,0.029298599243164063,0.10501053619384766,0.005666676521301269,0.8215545878241552,-0.09239283218327772,0.4596638211731999,-0.3243775499608208
221,1720539353.0,644901371.0,0.02905421257019043,0.10429842376708984,0.003860299825668335,0.8240468763520227,-0.09059665488361203,0.45704780508977494,-0.32225192884083803
222,1720539353.0,653235125.0,0.028750829696655274,0.10336560821533203,0.0018847652673721314,0.8269225558620937,-0.0882673885582842,0.4541866993694646,-0.3195659577413835
223,1720539353.0,661572350.0,0.02846177291870117,0.10251481628417969,8.513519912958145e-05,0.8290084409145969,-0.08695801329963761,0.45182334032336463,-0.3178663118862822
224,1720539353.0,669901494.0,0.028221572875976562,0.10163187408447266,-0.0016699628829956055,0.8315764469165564,-0.085427492162814,0.4491875482142557,-0.31529875802313023
225,1720539353.0,678235997.0,0.027983516693115235,0.10075133514404297,-0.003279914379119873,0.8336753585395176,-0.0844678976806041,0.44659549584301206,-0.3136925847216129
226,1720539353.0,686570171.0,0.027756235122680665,0.09969315338134765,-0.005195696353912354,0.8359885734927669,-0.08350115715656416,0.44394828893193217,-0.3115454554853902
227,1720539353.0,694886893.0,0.027497926712036134,0.09874906158447265,-0.0069091391563415525,0.8376356506091792,-0.08307171434468553,0.4418489059601636,-0.3102179334235949
228,1720539353.0,703235265.0,0.027267152786254883,0.0976185073852539,-0.008743623733520507,0.8398782811717479,-0.08273409513135023,0.43888292455736094,-0.30844985100403827
229,1720539353.0,711567897.0,0.02715140151977539,0.09667180633544922,-0.010179994583129882,0.8415784751645032,-0.08227667653105265,0.43682337944920047,-0.3068575401472428
230,1720539353.0,719900890.0,0.02692615509033203,0.09538089752197265,-0.012028646469116212,0.8439046576713932,-0.08152372083667388,0.4342171581279137,-0.3043587753598393
231,1720539353.0,728235229.0,0.02671730041503906,0.09400416564941406,-0.013825973510742188,0.8457241231941248,-0.08093209878199556,0.4319042597967366,-0.30275303214758065
232,1720539353.0,736567387.0,0.026611747741699218,0.09281998443603516,-0.015407340049743652,0.8477744270603325,-0.0805786098171038,0.42981085864076257,-0.3000803590451661
233,1720539353.0,744901985.0,0.026445632934570314,0.09135267639160156,-0.017143760681152344,0.8491582878789425,-0.08062436388826144,0.42789736842513904,-0.29888755372788384
234,1720539353.0,753234369.0,0.02640757942199707,0.09022565460205079,-0.018459049224853516,0.8502694689788227,-0.08036305333003613,0.42621753471127266,-0.29819830295506705
235,1720539353.0,761568154.0,0.026319841384887695,0.08873108673095703,-0.020133020401000977,0.8520372537233148,-0.0803245923940465,0.42412730272097454,-0.29613597333857894
236,1720539353.0,769899459.0,0.026244329452514648,0.08740316772460938,-0.021569149017333984,0.8535431348963233,-0.0802233369954432,0.4222563727977295,-0.29449599615472977
237,1720539353.0,778235845.0,0.02621114730834961,0.0859002685546875,-0.023223270416259767,0.8552157232512763,-0.08034624781531588,0.42029353322266866,-0.29241050178594247
238,1720539353.0,786566571.0,0.026251953125,0.08452517700195313,-0.024618864059448242,0.8564420328110085,-0.08193069392996326,0.41813243886605195,-0.29147841960586435
239,1720539353.0,794900440.0,0.026195186614990235,0.08314070129394531,-0.025961536407470703,0.8579051322116851,-0.08294849413915288,0.41609957510732326,-0.2897921550683372
240,1720539353.0,803234895.0,0.026219886779785158,0.08179827117919922,-0.027250707626342772,0.8593147560157713,-0.0852142704743389,0.41408148838845044,-0.2878423208628111
241,1720539353.0,811567328.0,0.02622148323059082,0.08024863433837891,-0.028731355667114256,0.8608941046479696,-0.08566768515611678,0.4120015463884046,-0.2859669596510034
242,1720539353.0,819908055.0,0.026207181930541994,0.07879854583740234,-0.029936737060546875,0.8622752753800661,-0.08681736854447306,0.4099305845493307,-0.28443104129776575
243,1720539353.0,828252777.0,0.02629117965698242,0.07738298797607422,-0.031153886795043946,0.8635481598720766,-0.08812039079186372,0.40813766118289985,-0.28274195262803314
244,1720539353.0,836573192.0,0.02639028549194336,0.07589686584472656,-0.032315589904785155,0.8647357804358131,-0.08986624525914833,0.4061647732899006,-0.28140056765620186
245,1720539353.0,844899756.0,0.026600942611694336,0.07414328765869141,-0.033542316436767576,0.8657455570399957,-0.09079134132983598,0.40473856193528734,-0.2800504441210371
246,1720539353.0,853246534.0,0.02676705551147461,0.07257978057861328,-0.03458954238891602,0.8668191230466442,-0.09202420111475564,0.4027303238750444,-0.27922111761163143
247,1720539353.0,861569612.0,0.026989521026611327,0.07085829162597657,-0.03566170883178711,0.8678004444151728,-0.09429445853400543,0.40102654831000273,-0.27786444454354864
248,1720539353.0,869903589.0,0.027205467224121094,0.06930355072021484,-0.03657637023925781,0.868922662729175,-0.09566700158113339,0.3992507063634259,-0.2764418710540441
249,1720539353.0,878235006.0,0.027448354721069337,0.06782324981689453,-0.03741747283935547,0.8696383818978161,-0.09748777266418018,0.3976584215120349,-0.27584958105520624
250,1720539353.0,886568098.0,0.027796787261962892,0.06616676330566407,-0.03829766464233399,0.8701828269304228,-0.1002729447818964,0.3965599181388103,-0.2747133110083875
251,1720539353.0,894908199.0,0.028083522796630858,0.06476789093017578,-0.03905611038208008,0.8708428932574767,-0.1024637951167589,0.39495406450247794,-0.27412610133044063
252,1720539353.0,903205865.0,0.02833513069152832,0.06325997543334962,-0.03980608749389648,0.8714503768519988,-0.1053923754489773,0.3932246909224249,-0.27357088912412003
253,1720539353.0,911573037.0,0.028588706970214844,0.06204145431518555,-0.040345779418945314,0.8717187683384441,-0.1073250158888755,0.392528272002911,-0.2729638998314168
254,1720539353.0,919901466.0,0.028921958923339843,0.060457752227783206,-0.04104685974121094,0.8719809936029151,-0.11054724363468121,0.39195024864060063,-0.271667905968569
255,1720539353.0,928236664.0,0.029227495193481445,0.0591058235168457,-0.04164891052246094,0.8723481302836358,-0.11305500830828392,0.390993796176949,-0.270834194368205
256,1720539353.0,936567851.0,0.029623201370239258,0.057461849212646486,-0.042236328125,0.8724566604512837,-0.11625757910904226,0.3901599260936383,-0.27033090162319084
257,1720539353.0,944908812.0,0.029962568283081054,0.056058650970458986,-0.042774765014648435,0.8727608367894021,-0.11867193918782871,0.3892312028984351,-0.2696378377086197
258,1720539353.0,953233702.0,0.030341707229614257,0.05465384292602539,-0.04325788497924805,0.8730424543776593,-0.1206225758676022,0.38820382215407784,-0.26934150343591073
259,1720539353.0,961568174.0,0.030785869598388672,0.05323844146728516,-0.04374568557739258,0.8731180712452961,-0.12409948427179777,0.3874892610791714,-0.2685446245653202
260,1720539353.0,969901500.0,0.031257553100585936,0.05163489532470703,-0.044296619415283206,0.8730288680777667,-0.1274828946610971,0.3868315601831579,-0.2681977973388499
261,1720539353.0,978234024.0,0.03170964813232422,0.05024918746948242,-0.04470746994018555,0.8727825114434916,-0.13062392323629302,0.3863929740181897,-0.268120396777487
262,1720539353.0,986567081.0,0.032236942291259764,0.048725151062011716,-0.04513239288330078,0.8730028213890164,-0.13378957138411468,0.3853566771603179,-0.2673324881688643
263,1720539353.0,994911214.0,0.032770950317382815,0.047342308044433595,-0.045537517547607424,0.8726110800149378,-0.136926072817843,0.3851623423322329,-0.2673034408184576
264,1720539354.0,3233837.0,0.03321898651123047,0.04600458145141602,-0.04591412353515625,0.8726341586275105,-0.14021025118867472,0.3844576209600134,-0.2665390136100743
265,1720539354.0,11569908.0,0.03378267669677734,0.044642566680908206,-0.04630305099487304,0.8722929547508926,-0.14233980061898427,0.38434209435404026,-0.26669370914258267
266,1720539354.0,19901266.0,0.03437656021118164,0.04316497802734375,-0.04669255828857422,0.8716735791764381,-0.14617695525271085,0.3846094824259136,-0.26625744389850237
267,1720539354.0,28236517.0,0.03491969299316406,0.041842174530029294,-0.047055229187011716,0.8712584079052137,-0.14896343454965238,0.3845214678823323,-0.26619904350053203
268,1720539354.0,36567206.0,0.035546268463134766,0.040389503479003906,-0.047426712036132815,0.8703897393981137,-0.1517765123805703,0.38536057229805193,-0.266238277093982
269,1720539354.0,44911526.0,0.03604375839233399,0.03922991180419922,-0.04765267562866211,0.8703054444936217,-0.15353367951364147,0.3854007735032021,-0.2654469537253278
270,1720539354.0,53237294.0,0.036752052307128906,0.037786746978759764,-0.048014820098876955,0.8694919861791099,-0.15690891692950673,0.3857974810267516,-0.26556277630246367
271,1720539354.0,61567349.0,0.03748591232299805,0.03629785919189453,-0.04831803512573242,0.8685646548942015,-0.15900244335495958,0.3869956614806834,-0.26560878104559754
272,1720539354.0,69900861.0,0.038176204681396486,0.035013477325439454,-0.0485977668762207,0.8677375269157966,-0.16291797352099435,0.38751937261954694,-0.26517551741321127
273,1720539354.0,78234362.0,0.03886517333984375,0.03380245590209961,-0.04881420516967774,0.8669889669579804,-0.1665638555870476,0.38810905084977165,-0.26449566853600365
274,1720539354.0,86568999.0,0.03950003433227539,0.032563610076904295,-0.049017074584960935,0.865964886835582,-0.17012382155119118,0.3886382999146946,-0.26480739980744267
275,1720539354.0,94901390.0,0.040290061950683596,0.031134256362915037,-0.04918004608154297,0.8649306786879647,-0.17406023980570934,0.3894017356993414,-0.26450753227042284
276,1720539354.0,103234063.0,0.04102762603759766,0.02990337562561035,-0.04932375335693359,0.8638775263630563,-0.17702823982369156,0.3906430076551523,-0.2641489273564651
277,1720539354.0,111566903.0,0.0418070182800293,0.02846027946472168,-0.049415313720703125,0.8629470627142223,-0.18037433093201993,0.3913732381944827,-0.26384551699377
278,1720539354.0,119901914.0,0.04253042602539062,0.027212486267089844,-0.049490165710449216,0.8620045054112206,-0.18275895179350685,0.39223521751645885,-0.264005544102733
279,1720539354.0,128234787.0,0.043242218017578125,0.02598341369628906,-0.049606433868408205,0.8611018257683042,-0.1863044725313387,0.3926238261825613,-0.26389546638113015
280,1720539354.0,136567819.0,0.043990180969238284,0.024763019561767578,-0.04966697311401367,0.8600968796893094,-0.1887260589694862,0.39383771581784927,-0.2636431249065162
281,1720539354.0,144901499.0,0.04485701751708984,0.02337840461730957,-0.049777130126953124,0.8587939465479101,-0.19267104727016443,0.39495542400468736,-0.2633648457248033
282,1720539354.0,153234887.0,0.045683815002441404,0.022178525924682616,-0.049824440002441406,0.8575164464702408,-0.19562222851568128,0.3965266653115008,-0.2629906675239602
283,1720539354.0,161567803.0,0.04646874618530274,0.021003005981445312,-0.049861896514892576,0.8559651611081309,-0.19860606380626214,0.3983951382133267,-0.26298400251720433
284,1720539354.0,169901174.0,0.047372100830078125,0.019824298858642578,-0.04989510345458984,0.8548231519345154,-0.201611242393601,0.3996704983878728,-0.2624762439442816
285,1720539354.0,178235762.0,0.04830093383789062,0.01855854415893555,-0.04996902847290039,0.8536456116045109,-0.20423507525782678,0.40101560403720127,-0.26222832225224807
286,1720539354.0,186567556.0,0.04916668701171875,0.0173723201751709,-0.049983543395996095,0.8523599670293976,-0.20658462312225137,0.40269482355857467,-0.2619965003024383
287,1720539354.0,194901012.0,0.05005366897583008,0.01605246353149414,-0.050038780212402344,0.8509555455962081,-0.20891870150155567,0.4045515708379511,-0.2618504655214988
288,1720539354.0,203223056.0,0.05071611022949219,0.015027572631835937,-0.05008655548095703,0.8499371214357435,-0.21138992386649438,0.4057822031627983,-0.26126996529853513
289,1720539354.0,211575360.0,0.05144240951538086,0.013763664245605468,-0.05017683029174805,0.8488394131285124,-0.21459834339002953,0.4067871129762677,-0.26065961662417514
290,1720539354.0,219899698.0,0.05211386108398437,0.012667990684509278,-0.05021400451660156,0.8472579776318545,-0.21778804942922597,0.40869338208331807,-0.2601768723058469
291,1720539354.0,228242319.0,0.052845565795898435,0.011483983993530273,-0.05034096145629883,0.8458703560705207,-0.22061380329617739,0.41036234288381224,-0.2596837041740398
292,1720539354.0,236566312.0,0.05351373291015625,0.010416952133178711,-0.05041623687744141,0.8443587456048592,-0.2244863815944034,0.4119335562610576,-0.25879512262628585
293,1720539354.0,244908126.0,0.05409891510009766,0.009559135437011718,-0.0504904670715332,0.8424729555271884,-0.22911321202499516,0.4138172034819554,-0.25787941658714475
294,1720539354.0,253234556.0,0.054615726470947264,0.008762782096862792,-0.05061193084716797,0.8413313620702796,-0.23244614617170545,0.4149355718958365,-0.25682446167726874
295,1720539354.0,261568442.0,0.055222911834716795,0.00806117057800293,-0.05067906951904297,0.8398300879498328,-0.23662421998585703,0.41615411711728784,-0.2559495156922165
296,1720539354.0,269901193.0,0.055783199310302733,0.007323707580566406,-0.05084008407592774,0.8383298402979552,-0.24066131342998245,0.4176229457112223,-0.2547082329913183
297,1720539354.0,278234572.0,0.05630522918701172,0.0067809453010559085,-0.05100056457519531,0.8368374890758812,-0.24491672346119123,0.41895034920750795,-0.25337604780983797
298,1720539354.0,286572359.0,0.05677584075927734,0.006246079921722412,-0.05116130065917969,0.8354004355746141,-0.24923075419060017,0.41977027232210046,-0.25255310583307605
299,1720539354.0,294873088.0,0.05725150299072266,0.005761287212371826,-0.05131951904296875,0.8337403684199883,-0.25309865074278864,0.4212587363474634,-0.2517124424802868
300,1720539354.0,303234815.0,0.05775313568115235,0.005279372215270996,-0.051426273345947265,0.8325228783324854,-0.25652820896209155,0.4221084046389775,-0.25084542471476
301,1720539354.0,311567492.0,0.05823119735717774,0.00475743293762207,-0.05157941818237305,0.8312141364112364,-0.25915019877065626,0.42321467898215154,-0.25062636233240093
302,1720539354.0,319901745.0,0.05876422882080078,0.004192768096923828,-0.05172578430175781,0.8292493250435563,-0.26440748412394743,0.42469425730372273,-0.24913657122684302
303,1720539354.0,328235949.0,0.05924911117553711,0.003725006103515625,-0.051873653411865235,0.8276532962005317,-0.26777320531343773,0.42596677013076367,-0.24867615555035597
304,1720539354.0,336567889.0,0.059736080169677734,0.0032613000869750977,-0.05201900482177734,0.8263927732549109,-0.2700711676890803,0.427238004880981,-0.24820199873992807
305,1720539354.0,344905382.0,0.060171001434326174,0.002803061246871948,-0.05216682434082031,0.8253110860836306,-0.2730898794373895,0.42799506952757554,-0.24719174104339875
306,1720539354.0,353246292.0,0.06063877105712891,0.0023477809429168703,-0.0523565673828125,0.8236499921179827,-0.2764878509042393,0.4292206749429061,-0.24682948776032718
307,1720539354.0,361568971.0,0.06113345718383789,0.0019841560125350953,-0.05249465179443359,0.822013399488289,-0.2797325054749227,0.43098453492459365,-0.24555248633360013
308,1720539354.0,369907886.0,0.06155953598022461,0.0015809518098831177,-0.052778045654296876,0.8202308750414005,-0.2833450607253076,0.43251851820953957,-0.2446724892887967
309,1720539354.0,378235498.0,0.06198120880126953,0.0013122284412384034,-0.05296648025512695,0.8184348324240274,-0.28631080430053046,0.4342183621232822,-0.24422315151718688
310,1720539354.0,386568507.0,0.06243413925170899,0.0009581807851791382,-0.053196178436279294,0.8172294491053693,-0.2891508615720569,0.4353072226965418,-0.24297206389134315
311,1720539354.0,394857651.0,0.06281201553344727,0.0006075661182403564,-0.053479400634765625,0.8157199457233836,-0.2912451439602015,0.4367429398059584,-0.2429667631559111
312,1720539354.0,403234627.0,0.0631917724609375,0.0002594462037086487,-0.0537608757019043,0.8147941991236233,-0.29357703936964985,0.43721217986577343,-0.24242202939296636
313,1720539354.0,411568043.0,0.06351042175292969,-8.621985465288162e-05,-0.05395505523681641,0.8139260871507112,-0.295380375673618,0.4379690795010583,-0.2417805534923162
314,1720539354.0,419901127.0,0.06380838394165039,-0.00047286459803581236,-0.05419767379760742,0.813111070862552,-0.297024214275174,0.43866478691395433,-0.24124719307293743
315,1720539354.0,428235787.0,0.06407598876953124,-0.000771806538105011,-0.05439666748046875,0.812362099829336,-0.29969506951871633,0.43865010206660565,-0.24049276751631649
316,1720539354.0,436568949.0,0.06436785125732422,-0.0011544957160949706,-0.054545101165771485,0.8116214752655363,-0.3014018478308387,0.4391579875265439,-0.23993285201938935
317,1720539354.0,444913009.0,0.06468212890625,-0.0014494502544403077,-0.05464287185668945,0.8107497593308549,-0.3034489540235894,0.43975323801582156,-0.23920837948917079
318,1720539354.0,453233739.0,0.06505107879638672,-0.0017416975498199462,-0.0547320671081543,0.8101777258723867,-0.3062113902900646,0.43938659304964695,-0.23829825583312242
319,1720539354.0,461572018.0,0.06538902282714844,-0.002032461166381836,-0.05477791976928711,0.8097196609178656,-0.30716650825263697,0.439715338876051,-0.2380193643877718
320,1720539354.0,469899975.0,0.06578050994873047,-0.002277903318405151,-0.0548148193359375,0.8089675361873822,-0.3094727073561353,0.440007245658562,-0.2370480855115304
321,1720539354.0,478198059.0,0.06617350006103516,-0.0025634443759918212,-0.05485035705566406,0.8084102044512946,-0.3103930298528018,0.4404828474648645,-0.23686276431205971
322,1720539354.0,486569103.0,0.066630859375,-0.002844963788986206,-0.05496761703491211,0.8073255480557742,-0.3129721527508899,0.44087615280606907,-0.23643626145490057
323,1720539354.0,494906584.0,0.06714390563964844,-0.0031638333797454833,-0.05507428741455078,0.8061075550486255,-0.3147112107982147,0.4420021567151888,-0.23618120752515095
324,1720539354.0,503235560.0,0.06749422454833984,-0.003401975393295288,-0.05520474243164063,0.8054702803174494,-0.31581666959920035,0.44249740061239967,-0.23595232308107553
325,1720539354.0,511569740.0,0.06794588470458984,-0.003758786201477051,-0.05545702362060547,0.8043759122367612,-0.31808380438124817,0.44317613891275887,-0.2353656396834398
326,1720539354.0,519902546.0,0.06841902160644531,-0.004070307731628418,-0.05565705490112305,0.8029289937834084,-0.32036236692376513,0.4441071053117048,-0.23546092835388363
327,1720539354.0,528236376.0,0.06888503265380859,-0.004420093536376953,-0.055995590209960935,0.8016503293362996,-0.3219269873609155,0.4452843775262972,-0.23546040019099193
328,1720539354.0,536567986.0,0.06932095336914063,-0.004767993450164795,-0.056291225433349606,0.8006838762580828,-0.3229894520863211,0.4461777405426664,-0.23560253846806822
329,1720539354.0,544901201.0,0.06989810943603515,-0.005105466365814209,-0.056605072021484376,0.7998199181975432,-0.3246913742817684,0.4464153566884935,-0.23574762102371827
330,1720539354.0,553232757.0,0.07033143615722656,-0.0053255071640014645,-0.056895881652832034,0.7990786479038892,-0.32519674310216046,0.44747279290409764,-0.2355599567735171
331,1720539354.0,561567953.0,0.07096303558349609,-0.005612558841705322,-0.057192840576171876,0.7980409441786841,-0.3270391904910467,0.44788689716073954,-0.23573996005703993
332,1720539354.0,569902375.0,0.07153820037841797,-0.005819092750549317,-0.05749648666381836,0.7970974181692749,-0.32806840925117553,0.4487582324739659,-0.23584502066478502
333,1720539354.0,578242507.0,0.07220311737060547,-0.006056923866271973,-0.05782468032836914,0.7960928182250195,-0.32954289202247106,0.4494951023010232,-0.235779271268289
334,1720539354.0,586567166.0,0.07277825164794922,-0.006217992782592773,-0.05812063217163086,0.7950694629024538,-0.33075304656245236,0.4503854695673055,-0.23583872878195905
335,1720539354.0,594902846.0,0.07336888122558594,-0.0062972397804260255,-0.0583623046875,0.7939037861116672,-0.33229696579157686,0.45135931304620963,-0.2357334604177401
336,1720539354.0,603236521.0,0.0738165283203125,-0.006228518962860107,-0.0584456787109375,0.7930742860667297,-0.33410556640779915,0.4517948020218541,-0.23513422452172017
337,1720539354.0,611569721.0,0.0743093490600586,-0.006040716171264648,-0.05851473999023438,0.7919368606979057,-0.33636385035346517,0.45252302442636183,-0.23434651883247326
338,1720539354.0,619900795.0,0.07471379089355469,-0.005821452140808105,-0.058555549621582034,0.791093681157633,-0.33761948877620207,0.45328748843817934,-0.233910901366173
339,1720539354.0,628234170.0,0.07513011932373047,-0.005564723014831543,-0.05868362045288086,0.7900827959213612,-0.3389951629642345,0.45425410907518915,-0.23346234662382115
340,1720539354.0,636567486.0,0.0754676742553711,-0.005429593563079834,-0.05878467178344727,0.789251342686504,-0.34047154526515716,0.454612065174359,-0.2334294341727578
341,1720539354.0,644905778.0,0.0758432388305664,-0.005369471549987793,-0.05892230606079102,0.7889486126812516,-0.3404584086213566,0.45485710680357694,-0.2339939611815493
342,1720539354.0,653235290.0,0.07616632080078126,-0.005312685966491699,-0.0590716438293457,0.7887158671140913,-0.34054377105647654,0.45518162223621406,-0.23402328315939788
343,1720539354.0,661568820.0,0.07653787994384766,-0.005177645206451416,-0.059206382751464844,0.7882474996035306,-0.3409109058213302,0.45575878705144984,-0.23394349536761871
344,1720539354.0,669882000.0,0.07678789520263672,-0.0050124797821044925,-0.059278350830078125,0.7880210849780891,-0.3415081455198415,0.4556817114244275,-0.2339853614550643
345,1720539354.0,678204086.0,0.07715815734863281,-0.004766578197479248,-0.05927117919921875,0.7874366515277887,-0.34240215799395796,0.4562473792677166,-0.2335436200038731
346,1720539354.0,686568346.0,0.0774423828125,-0.00460180139541626,-0.05937863159179688,0.7870875040806786,-0.3430144346147429,0.4565600848725223,-0.23321073481910595
347,1720539354.0,694902264.0,0.0778300018310547,-0.004395613193511963,-0.059457046508789066,0.7862037768824185,-0.34350943413196905,0.4574913692302753,-0.23363758041890234
348,1720539354.0,703234014.0,0.07816730499267578,-0.004230564117431641,-0.059548110961914064,0.7857583996538936,-0.34407698206985166,0.45796154205894496,-0.23337951194461862
349,1720539354.0,711569326.0,0.07862473297119141,-0.004061212062835693,-0.05969686126708985,0.7852742452825564,-0.34395072549997197,0.45882225610703686,-0.23350460943330675
350,1720539354.0,719900659.0,0.07908251190185547,-0.0038933751583099365,-0.05984330368041992,0.7844888735557156,-0.34368855179783403,0.46017165018322687,-0.233874823157066
351,1720539354.0,728234811.0,0.07938555908203125,-0.0037702088356018067,-0.06003219223022461,0.7841138372646816,-0.3440919847834041,0.460595411119008,-0.23370507216103714
352,1720539354.0,736579357.0,0.0798230209350586,-0.0035328867435455323,-0.06022600936889649,0.782936269527579,-0.3447122880050397,0.4621198242585334,-0.23372957229806782
353,1720539354.0,744901907.0,0.08026139068603516,-0.0032977354526519775,-0.060417613983154296,0.782059050303091,-0.3454650148038203,0.46315721769528695,-0.23350150661241564
354,1720539354.0,753234873.0,0.08066373443603515,-0.0030299508571624756,-0.06070981216430664,0.7811092011414766,-0.34637645453765886,0.46424231637350627,-0.23317555410713314
355,1720539354.0,761573557.0,0.08100148010253906,-0.0028384900093078613,-0.06092869567871094,0.7804421873794285,-0.3463517705912512,0.46533104403394404,-0.2332755077151174
356,1720539354.0,769902777.0,0.08144230651855469,-0.002609537124633789,-0.06125277709960938,0.7794651050685046,-0.34705379279200305,0.46652537286261586,-0.2331134435217875
357,1720539354.0,778235779.0,0.081851318359375,-0.0024192655086517335,-0.06153920364379883,0.7786863177224925,-0.34757048691405873,0.46729429288734653,-0.23340612496818947
358,1720539354.0,786568055.0,0.08236515045166015,-0.0022279815673828126,-0.06179060363769531,0.7782084098600469,-0.3477038765204721,0.4682609046876437,-0.23286345923761176
359,1720539354.0,794904356.0,0.08279524993896484,-0.002111229419708252,-0.062020877838134765,0.7775723490217361,-0.3478962388659136,0.468936997376924,-0.23333991141962515
360,1720539354.0,803236290.0,0.08331165313720704,-0.00195853590965271,-0.06226676559448242,0.7771653205397164,-0.3478681275251834,0.4698567444666224,-0.23288727191742928
361,1720539354.0,811568253.0,0.08372481536865234,-0.0018445745706558228,-0.062406036376953126,0.7765923851218857,-0.34817311306349047,0.47059525799863894,-0.2328515784934163
362,1720539354.0,819902008.0,0.08420745086669922,-0.0016955963373184203,-0.0626122055053711,0.7752245093297127,-0.3489014362799896,0.47203116092614056,-0.23341233264376346
363,1720539354.0,828235663.0,0.08463996124267578,-0.0015835766792297364,-0.06283353424072266,0.7745524904464208,-0.3491582576523477,0.4729257637314658,-0.23344844850036317
364,1720539354.0,836569237.0,0.08507372283935546,-0.0015068614482879638,-0.06305275344848633,0.7741745894816767,-0.3487602578926961,0.473921330167086,-0.23327783887999187
365,1720539354.0,844909360.0,0.08545623779296875,-0.001397651195526123,-0.0632880516052246,0.7735143729260352,-0.3484258944853039,0.47529322751904496,-0.23317644418554573
366,1720539354.0,853234717.0,0.08584005737304687,-0.001323305368423462,-0.06352167892456055,0.7737120613047227,-0.3470101629159829,0.47621843431538613,-0.2327436375183533
367,1720539354.0,861568680.0,0.08613751220703125,-0.0012170934677124023,-0.0637386474609375,0.7734667117449661,-0.3462726935652832,0.4774259908239391,-0.23218289695713096
368,1720539354.0,869901463.0,0.08650679779052735,-0.0011106446981430055,-0.06402147674560547,0.7732967287134257,-0.3456608350021173,0.47866850153360235,-0.23110000320377624
369,1720539354.0,878234394.0,0.08685716247558593,-0.0010388588905334473,-0.06421722412109375,0.7730210657037584,-0.34471965914453506,0.4799821986601229,-0.23070298024431493
370,1720539354.0,886570894.0,0.08719252014160156,-0.000934453547000885,-0.0644638671875,0.7733669971352882,-0.34237805600195836,0.4815782204710275,-0.2297023804510355
371,1720539354.0,894902934.0,0.08742156219482422,-0.0008652527332305908,-0.06461015319824219,0.7734379527543409,-0.3422867669002887,0.48199161096532567,-0.22873039474958723
372,1720539354.0,903235041.0,0.08762120056152344,-0.0007967200875282288,-0.06486051940917968,0.7731049236845682,-0.3414211199227419,0.48352119410889616,-0.22792026560409764
373,1720539354.0,911574767.0,0.08783635711669922,-0.000728376567363739,-0.06505805969238282,0.7739013860570076,-0.33969104888935103,0.4839620270938071,-0.2268642353494921
